query_id,original_query,expanded_query
1,0-dimensional biomaterials show inductive properties.,"zero-dimensional biomaterials, 0D biomaterials, 0D biocompatible materials, inductive capacity, bioinductive potential, inductive behavior, bioinduction capabilities"
3,"1,000 genomes project enables mapping of genetic sequence variation consisting of rare variants with larger penetrance effects than common variants.","1KGP, 1000 Genomes, genomic sequence variation, rare genetic variants, high-penetrance alleles, common genetic variants, sequence polymorphisms"
5,1/2000 in UK have abnormal PrP positivity.,"abnormal prion protein prevalence United Kingdom, PrPSc carrier rate UK, prevalence of disease-associated prion protein, subclinical prion infection prevalence UK, abnormal PrP positivity rate Great Britain"
13,5% of perinatal mortality is due to low birth weight.,"perinatal death, perinatal demise, low birthweight, LBW, five percent, attributable to low birth weight, caused by low birth weight"
36,A deficiency of vitamin B12 increases blood levels of homocysteine.,"cobalamin deficiency, hypocobalaminemia, hyperhomocysteinemia, elevated plasma homocysteine, elevated serum homocysteine, vitamin B-12 deficiency"
42,A high microerythrocyte count raises vulnerability to severe anemia in homozygous alpha (+)- thalassemia trait subjects.,"microcytosis, elevated microcytic red blood cells, homozygous alpha-plus thalassemia, homozygous -alpha/-alpha, increased susceptibility to severe anemia, severe anaemia susceptibility"
48,"A total of 1,000 people in the UK are asymptomatic carriers of vCJD infection.","variant Creutzfeldt-Jakob disease, subclinical vCJD infection, preclinical vCJD carriers, silent carriers of variant Creutzfeldt-Jakob disease, asymptomatic variant Creutzfeldt-Jakob disease, United Kingdom"
49,ADAR1 binds to Dicer to cleave pre-miRNA.,"adenosine deaminase acting on RNA 1, precursor microRNA, ADAR1-Dicer interaction, ADAR1-Dicer complex, pre-miRNA processing, pre-microRNA cleavage"
50,AIRE is expressed in some skin tumors.,"autoimmune regulator, cutaneous neoplasms, skin neoplasms, cutaneous tumors, autoimmune regulator expression, AIRE protein expression"
51,ALDH1 expression is associated with better breast cancer outcomes.,"aldehyde dehydrogenase 1 expression, favorable breast cancer prognosis, improved breast cancer survival, favorable breast carcinoma prognosis, aldehyde dehydrogenase 1 levels, improved breast cancer clinical outcomes"
53,ALDH1 expression is associated with poorer prognosis in breast cancer.,"aldehyde dehydrogenase 1 overexpression, high ALDH1 expression, poor prognosis in breast carcinoma, worse survival in breast cancer, adverse clinical outcome, unfavorable prognosis"
54,AMP-activated protein kinase (AMPK) activation increases inflammation-related fibrosis in the lungs.,"5'-AMP-activated protein kinase activation, inflammation-induced pulmonary fibrosis, AMPK-mediated lung fibrosis, inflammatory pulmonary fibrogenesis, upregulation of AMPK in pulmonary fibrosis, 5'-AMP-activated protein kinase stimulated lung fibrosis"
56,APOE4 expression in iPSC-derived neurons increases AlphaBeta production and tau phosphorylation causing GABA neuron degeneration.,"Apolipoprotein E4 expression, induced pluripotent stem cell-derived neurons, amyloid-beta generation, Aβ production, tau hyperphosphorylation, GABAergic neurodegeneration, GABAergic neuron loss"
57,"APOE4 expression in iPSC-derived neurons increases AlphaBeta production and tau phosphorylation, delaying GABA neuron degeneration.","apolipoprotein E4, induced pluripotent stem cell-derived neurons, amyloid-beta, Aβ, phosphorylated tau, p-tau, GABAergic neurons, GABAergic neurodegeneration"
70,Activation of PPM1D suppresses p53 function.,"Wip1 activation inhibits p53, PPM1D-mediated inhibition of TP53, Wip1-induced p53 inactivation, negative regulation of p53 by PPM1D, Wip1 suppresses TP53 function, protein phosphatase 1D-mediated p53 suppression"
72,Activator-inhibitor pairs are provided dorsally by Admpchordin.,"ADMP-Chordin, ADMP/Chordin, anti-dorsalizing morphogenetic protein and chordin, activator-inhibitor system, dorsal expression, dorsal localization, ADMP and Chordin pair"
75,"Active H. pylori urease has a polymeric structure that compromises two subunits, UreA and UreB.","Helicobacter pylori urease, oligomeric structure, quaternary structure of urease, UreA-UreB heterodimer, UreAB complex, alpha and beta subunits"
94,Albendazole is used to treat lymphatic filariasis.,"albendazole therapy, elephantiasis treatment, ABZ treatment, lymphatic filariasis chemotherapy, albendazole efficacy against filariasis"
99,Alizarin forms hydrogen bonds with residues involved in PGAM1 substrate binding.,"1,2-dihydroxyanthraquinone, phosphoglycerate mutase 1, PGAM-1, hydrogen bonding interactions, H-bonds, substrate-binding residues, PGAM1 substrate-binding pocket"
100,All hematopoietic stem cells segregate their chromosomes randomly.,"HSCs, hemopoietic stem cells, random sister chromatid segregation, stochastic chromosome segregation, unbiased chromosome segregation, random chromatid segregation, stochastic sister chromatid segregation"
113,Angiotensin converting enzyme inhibitors are associated with increased risk for functional renal insufficiency.,"ACE inhibitors, ACEIs, functional renal impairment, functional renal dysfunction, functional kidney insufficiency, hemodynamic renal insufficiency"
115,Anthrax spores can be disposed of easily after they are dispersed.,"Bacillus anthracis endospores decontamination, inactivation of B. anthracis spores, remediation of disseminated spores, neutralization of aerosolized endospores, Bacillus anthracis spore clearance, destruction of released endospores"
118,Antibiotic induced alterations in the gut microbiome reduce resistance against Clostridium difficile,"Clostridioides difficile, antibiotic-induced gut dysbiosis, colonization resistance, C. difficile, antibiotic-associated microbiota disruption, compromised colonization resistance"
124,Antiretroviral therapy reduces rates of tuberculosis across a broad range of CD4 strata.,"ART, highly active antiretroviral therapy, antiretroviral treatment, decreases tuberculosis incidence, reduces TB risk, varying CD4 cell counts, different CD4 strata"
127,Arginine 90 in p150n is important for interaction with EB1.,"Arg90, R90, Arg-90, p150Glued N-terminus, end-binding protein 1, MAPRE1, binding, association"
128,Arterioles have a larger lumen diameter than venules.,"arteriolar lumen diameter, venular lumen diameter, luminal caliber of arterioles, luminal caliber of venules, internal diameter of arterioles, internal diameter of venules"
129,Articles published in open access format are less likely to be cited than traditional journals.,"OA articles, subscription journals, toll-access journals, paywalled journals, citation disadvantage, citation rate"
130,Articles published in open access format are more likely to be cited than traditional journals.,"open access citation advantage, OA citation advantage, toll-access journals, subscription-based journals, citation rates of open access papers, paywalled journals, citation impact of open access"
132,Aspirin inhibits the production of PGE2.,"acetylsalicylic acid inhibits prostaglandin E2 synthesis, ASA suppresses PGE2 production, acetylsalicylic acid blocks prostaglandin E2 formation, ASA inhibits prostaglandin E2 biosynthesis, prostaglandin E2 suppression by acetylsalicylic acid, acetylsalicylic acid reduces PGE2 synthesis"
133,"Assembly of invadopodia is triggered by focal generation of phosphatidylinositol-3,4-biphosphate and the activation of the nonreceptor tyrosine kinase Src.","PI(3,4)P2, PtdIns(3,4)P2, phosphatidylinositol 3,4-bisphosphate, c-Src, proto-oncogene tyrosine-protein kinase Src, invadopodia formation, invadopodium biogenesis"
137,Asymptomatic visual impairment screening in elderly populations does not lead to improved vision.,"screening for impaired visual acuity in older adults, asymptomatic vision screening, geriatric vision screening, routine vision testing in older adults, visual acuity outcomes, improvement in visual function"
141,Auditory entrainment is strengthened when people see congruent visual and auditory information.,"audiovisual congruence, crossmodal congruency, auditory neural entrainment, bimodal congruence, multisensory facilitation, acoustic entrainment"
142,Autologous transplantation of mesenchymal stem cells causes a higher rate of opportunistic infections than induction therapy with anti-interleukin-2 receptor antibodies.,"autologous mesenchymal stromal cell transplantation, autologous MSC transplantation, anti-IL-2R antibodies, interleukin-2 receptor antagonists, induction immunosuppression, opportunistic infectious complications, anti-IL-2 receptor monoclonal antibodies"
143,Autologous transplantation of mesenchymal stem cells causes fewer opportunistic infections than induction therapy with anti-interleukin-2 receptor antibodies.,"autologous mesenchymal stem cell transplantation, autologous MSC transplantation, autologous mesenchymal stromal cells, anti-IL-2R antibody induction, anti-interleukin-2 receptor monoclonal antibodies, opportunistic infectious complications"
146,Autologous transplantation of mesenchymal stem cells has lower rates of rejection than induction therapy with anti-interleukin-2 receptor antibodies.,"autologous mesenchymal stromal cell transplantation, autologous MSC transplant, anti-IL-2R antibody induction, interleukin-2 receptor antagonist induction, anti-IL-2 receptor monoclonal antibodies, reduced transplant rejection, decreased graft rejection"
148,Autophagy declines in aged organisms.,"macroautophagy reduction, age-related autophagic decline, cellular recycling decrease, autophagic activity reduction, aging-associated autophagy impairment"
163,Bariatric surgery has a positive impact on mental health.,"weight loss surgery and psychological well-being, metabolic surgery and mental health improvement, psychological benefits of bariatric surgery, mental well-being after weight loss surgery, improved psychological health following bariatric surgery, metabolic surgery and psychological outcomes"
171,Basophils counteract disease development in patients with systemic lupus erythematosus (SLE).,"basophilic granulocytes, protective role of basophils, suppress lupus pathogenesis, attenuate SLE progression, ameliorate systemic lupus erythematosus, inhibit lupus development"
179,Birth-weight is positively associated with breast cancer.,"birthweight, breast carcinoma, breast neoplasm, weight at birth, neonatal birth weight, positive correlation, mammary neoplasm"
180,Blocking the interaction between TDP-43 and respiratory complex I proteins ND3 and ND6 leads to increased TDP-43-induced neuronal loss.,"TAR DNA-binding protein 43, TARDBP, NADH dehydrogenase subunit 3 and NADH dehydrogenase subunit 6, MT-ND3 and MT-ND6, disrupting TDP-43 and complex I interaction, TDP-43-induced neurodegeneration, TDP-43-mediated neuronal death"
183,Bone marrow cells contribute to adult macrophage compartments.,"bone marrow-derived cells, adult tissue macrophage populations, bone marrow progenitors, adult macrophage pools, BMDMs, hematopoietic origin of tissue macrophages"
185,Breast cancer development is determined exclusively by genetic factors.,"mammary carcinogenesis, breast tumorigenesis, genetic determinants, hereditary factors, genomic factors, solely determined by"
198,CCL19 is absent within dLNs.,"EBI1 ligand chemokine lacking, missing CCL19, draining lymph node chemokine deficiency, CC chemokine ligand 19 absence, chemokine lack in draining lymph nodes"
208,CHEK2 is not associated with breast cancer.,"CHK2, checkpoint kinase 2, breast carcinoma, lack of association, no correlation, not linked, mammary cancer"
212,CR is associated with higher methylation age.,"calorie restriction, caloric restriction, epigenetic age, DNA methylation age, DNAm age, accelerated epigenetic aging, epigenetic age acceleration, advanced epigenetic age"
213,CRP is not predictive of postoperative mortality following Coronary Artery Bypass Graft (CABG) surgery.,"C-reactive protein, coronary artery bypass grafting, coronary bypass surgery, post-operative mortality, post-surgical death, lacks prognostic value"
216,CX3CR1 on the Th2 cells impairs T cell survival,"fractalkine receptor, CX3C chemokine receptor 1, T helper 2 cells, T-helper type 2 cells, T cell viability, Th2 cell survival"
217,CX3CR1 on the Th2 cells promotes T cell survival,"fractalkine receptor on Th2 cells, CX3CR1-expressing T helper 2 cells, CX3CR1-mediated T-lymphocyte survival, T helper type 2 cell viability, fractalkine receptor promotes T-lymphocyte survival, type 2 T helper cell longevity"
218,CX3CR1 on the Th2 cells promotes airway inflammation.,"fractalkine receptor, CX3C chemokine receptor 1, T helper type 2 cells, T-helper 2 lymphocytes, bronchial inflammation, respiratory tract inflammation"
219,CX3CR1 on the Th2 cells suppresses airway inflammation.,"fractalkine receptor, CX3C chemokine receptor 1, T-helper 2 cells, type 2 helper T cells, inhibits airway inflammation, attenuates airway inflammation, reduces bronchial inflammation, dampens pulmonary inflammation"
230,Carriers of the alcohol aldehyde dehydrogenase deficiency mutation drink less that non-carries.,"ALDH deficiency, reduced alcohol consumption, lower ethanol intake, aldehyde dehydrogenase mutation carriers, wild-type non-carriers, decreased alcohol intake"
232,Cataract and trachoma are the primary cause of blindness in Southern Sudan.,"South Sudan, granular conjunctivitis, lens opacification, leading etiology of blindness, ocular chlamydial infection, principal causes of vision loss"
233,Cell autonomous sex determination in somatic cells does not occur in Galliformes.,"cell-autonomous sexual differentiation, cell-intrinsic sex determination, CASD, gallinaceous birds, landfowl, absence of cell-autonomous sex determination, somatic cell sexual differentiation"
236,Cell autonomous sex determination in somatic cells occurs in Passeriformes.,"cell-autonomous sexual differentiation, cell-autonomous sex identity, CASD, passerine birds, passerines, somatic sex determination, cell-by-cell sex determination"
237,Cells lacking clpC have a defect in sporulation efficiency in Bacillus subtilis.,"clpC mutant, ΔclpC, clpC-deficient, B. subtilis, impaired sporulation, reduced
 sporulation efficiency, sporulation defect"
238,Cells undergoing methionine restriction may activate miRNAs.,"methionine deprivation, Met restriction, microRNA activation, miRNA upregulation, microRNA induction, methionine-restricted cells, increased microRNA expression"
239,Cellular aging closely links to an older appearance.,"cellular senescence, phenotypic aging, aging phenotype, cell senescence, replicative senescence, visible aging"
248,Chenodeosycholic acid treatment increases whole-body energy expenditure.,"Chenodeoxycholic acid, CDCA, chenodiol, total energy expenditure, systemic energy expenditure, whole-body metabolic rate, TEE"
249,Chenodeosycholic acid treatment reduces whole-body energy expenditure.,"Chenodeoxycholic acid, CDCA administration, Chenodiol therapy, decreases total energy expenditure, lowers systemic energy expenditure, decreased metabolic rate"
261,"Chronic aerobic exercise alters endothelial function, improving vasodilating mechanisms mediated by NO.","nitric oxide-mediated vasodilation, endothelium-dependent vasodilation, chronic endurance training, NO-dependent vasodilatory mechanisms, habitual aerobic exercise, endothelial nitric oxide pathway, nitric oxide-dependent endothelial function"
268,Cold exposure increases BAT recruitment.,"brown adipose tissue recruitment, brown fat recruitment, cold acclimation, cold-induced brown adipose tissue activation, brown adipocyte recruitment, cold stimulation"
269,Cold exposure reduces BAT recruitment.,"brown adipose tissue recruitment, brown fat recruitment, decreased BAT recruitment, suppressed brown adipose tissue recruitment, cold temperature exposure reduces brown fat, downregulates BAT recruitment, inhibited brown adipose tissue recruitment"
274,Combination nicotine replacement therapies with varenicline or bupropion lead to significantly higher long-term abstinence rates at 52 weeks than varenicline monotherapy.,"combination NRT, dual nicotine replacement therapy, varenicline plus nicotine replacement therapy, bupropion plus nicotine replacement therapy, varenicline alone, one-year tobacco abstinence, 52-week smoking cessation rates"
275,Combining phosphatidylinositide 3-kinase and MEK 1/2 inhibitors is effective at treating KRAS mutant tumors.,"PI3K inhibitors, phosphoinositide 3-kinase inhibitors, MAP2K inhibitors, combined PI3K and MEK inhibition, dual PI3K/MEK blockade, KRAS-mutated cancers, KRAS-mutant malignancies"
279,Commelina yellow mottle virus' (ComYMV) genome consists of 7489 baise pairs.,"7489 bp, 7489 nucleotides, ComYMV genome size, 7.49 kb, 7.49 kilobase pairs, 7489-bp genome"
294,Crossover hot spots are not found within gene promoters in Saccharomyces cerevisiae.,"meiotic recombination hotspots, S. cerevisiae promoter regions, budding yeast promoters, meiotic crossover hotspots, recombination hot spots, S. cerevisiae"
295,Crosstalk between dendritic cells (DCs) and innate lymphoid cells (ILCs) is important in the regulation of intestinal homeostasis.,"dendritic cell and innate lymphoid cell interaction, DC-ILC crosstalk, cellular communication between DCs and ILCs, gut immune homeostasis, gastrointestinal homeostasis, DC-ILC axis, intestinal immune regulation"
298,Cytochrome c is released from the mitochondrial intermembrane space to cytosol during apoptosis.,"Cyt c translocation, programmed cell death, cytoplasm, mitochondrial IMS, cytochrome c efflux, cytosolic translocation of cytochrome c"
300,Cytosolic proteins bind to iron-responsive elements on mRNAs coding for DMT1. Cytosolic proteins bind to iron-responsive elements on mRNAs coding for proteins involved in iron uptake.,"Iron regulatory proteins, IRPs, iron-responsive element-binding proteins, IRE-binding proteins, IREs, divalent metal transporter 1 mRNA, SLC11A2 mRNA"
303,DMRT1 is a sex-determining gene that is epigenetically regulated by the MHM region.,"Doublesex- and mab-3-related transcription factor 1, Male-associated Hypermethylated region, Male-Specific Hypermethylated region, epigenetic regulation, epigenetic control, sex-determination gene, sex determining factor"
312,De novo assembly of sequence data has more specific contigs than unassembled sequence data.,"de novo sequence reconstruction, raw sequencing reads, unassembled reads, non-assembled sequence data, assembled contigs, specificity of contigs"
314,Deamination of cytidine to uridine on the minus strand of viral DNA results in catastrophic G-to-A mutations in the viral genome.,"C-to-U deamination, cytosine deamination, negative-strand DNA, minus-strand DNA, G-to-A transition mutations, guanine-to-adenine transitions, G-to-A hypermutation, antisense strand"
324,Deleting Raptor reduces G-CSF levels.,"Raptor knockout, Raptor deficiency, granulocyte colony-stimulating factor, CSF3, regulatory associated protein of mTOR, Rptor ablation, decreases G-CSF expression, lowers G-CSF concentration"
327,Deletion of αvβ8 does not result in a spontaneous inflammatory phenotype.,"alphavbeta8 deficiency, integrin alpha-v-beta-8 knockout, loss of alphavbeta8, avb8 deletion, lack of spontaneous inflammation, no spontaneous inflammatory response, alphavbeta8-deficient"
338,Dexamethasone decreases risk of postoperative bleeding.,"postoperative hemorrhage, post-operative bleeding, post-surgical hemorrhage, post-operative hemorrhage, post-surgical bleeding, reduces postoperative hemorrhage, lowers post-surgical bleeding risk"
343,Diabetic patients with acute coronary syndrome experience increased short-term and long-term risk for bleeding events.,"diabetes mellitus, ACS, hemorrhagic complications, bleeding risk, hemorrhagic risk, short- and long-term prognosis"
350,Discrimination between the initiator and elongation tRNAs depends on the translation initiation factor IF3.,"initiation factor 3, IF-3, tRNAi, elongator tRNAs, translation initiation factor 3, tRNA discrimination, initiator transfer RNA"
354,Downregulation and mislocalization of Scribble prevents cell transformation and mammary tumorigenesis.,"SCRIB knockdown, aberrant localization of Scribble, cellular transformation, breast carcinogenesis, decreased Scribble expression, inhibits mammary tumor development"
362,During the primary early antibody response activated B cells migrate toward the inner-and outer paracortical areas where oxysterol accumulation is generated by stromal cells.,"activated B lymphocytes, early primary humoral immune response, paracortical regions, lymphoid stromal cells, B-cell migration, oxysterol gradients"
380,Enhanced early production of inflammatory chemokines improves viral control in the lung.,"pro-inflammatory chemokines, chemotactic cytokines, upregulated early expression, increased early secretion, viral clearance, suppression of viral replication, pulmonary viral control"
384,Epidemiological disease burden from noncommunicable diseases is more prevalent in low economic settings.,"NCDs, chronic non-communicable diseases, low-resource settings, low-income countries, burden of disease, developing nations"
385,Epigenetic modulating agents (EMAs) modulate antitumor immune response in a cancer model system.,"epigenetic modifiers, epi-drugs, chromatin-modifying agents, anti-tumor immunity, anti-cancer immune response, experimental cancer models, tumor model systems"
386,Errors in peripheral IV drug administration are most common during bolus administration and multiple-step medicine preparations.,"peripheral intravenous medication errors, PIV medication administration errors, intravenous bolus injection, IV bolus administration, multi-step medication preparation, multi-step drug reconstitution"
388,Ethanol stress decreases the expression of IBP in bacteria.,"alcohol stress, ethanol shock, downregulation of IBP, reduced IBP expression, inclusion body protein, ice-binding protein, bacterial IBP"
399,Exposure to fine particulate air pollution is relate to anxiety prevalence.,"PM2.5 exposure, fine particulate matter exposure, ambient PM2.5, anxiety disorder prevalence, association with anxiety, PM2.5 and anxiety disorders"
410,Febrile seizures increase the threshold for development of epilepsy.,"febrile convulsions, epileptogenesis, fever-induced seizures, raise the seizure threshold, pyrexial convulsions, elevate the threshold for epilepsy"
411,Febrile seizures reduce the threshold for development of epilepsy.,"febrile convulsions, epileptogenesis, lowering the seizure threshold, fever-induced seizures, increased susceptibility to epilepsy, fever-induced convulsions"
415,Female carriers of the Apolipoprotein E4 (APOE4) allele have increased risk for dementia.,"female APOE-ε4 carriers, women APOE4 carriers, APOE epsilon 4 female carriers, elevated dementia risk in females, increased susceptibility to dementia in women, female APOE4 genotype and dementia risk"
421,Flexible molecules experience greater steric hindrance in the tumor microenviroment than rigid molecules.,"conformational flexibility, conformational rigidity, steric congestion, steric obstruction, tumour microenvironment, TME, cancer microenvironment"
431,FoxO3a activation in neuronal death is mediated by reactive oxygen species (ROS).,"Forkhead box O3 activation, FKHRL1 activation, neuronal apoptosis, ROS-induced neuronal death, nerve cell death, active oxygen species"
436,Free histones are degraded by a Rad53-dependent mechanism once DNA has been replicated.,"unbound histones, Rad53-mediated degradation, histone proteolysis, post-replicative histone clearance, non-nucleosomal histones, Rad53-dependent pathway, soluble histones"
437,Functional consequences of genomic alterations due to Myelodysplastic syndrome (MDS) are poorly understood due to the lack of an animal model.,"myelodysplastic syndrome genetic mutations, functional impact of genomic aberrations, in vivo models of MDS, phenotypic consequences of MDS mutations, preclinical animal models of myelodysplasia, MDS genomic variants"
439,Fz/PCP-dependent Pk localizes to the anterior membrane of neuroectoderm cells during zebrafish neuralation,"Frizzled/Planar Cell Polarity-dependent, Prickle localization, neuroectodermal cells, Danio rerio neurulation, anterior plasma membrane, PCP-dependent Prickle, neural ectoderm"
440,Fz/PCP-dependent Pk localizes to the anterior membrane of notochord cells during zebrafish neuralation.,"Frizzled/planar cell polarity, Prickle protein, anterior plasma membrane, Danio rerio, neurulation, notochordal cells, anterior cell cortex"
443,GATA-3 is important for hematopoietic stem cell (HSC) function.,"GATA binding protein 3, GATA3, GATA-binding factor 3, hematopoietic stem cell activity, hematopoietic stem cell homeostasis, role of GATA-3 in hematopoietic stem cells, HSC regulation by GATA-3"
452,Gene expression does not vary appreciably across genetically identical cells.,"uniform gene expression in isogenic cells, low gene expression noise in clonal cells, homogeneous expression profiles in genetically identical cells, minimal transcriptional cell-to-cell variability in clones, invariant gene expression across isogenic populations, low expression noise in genetically homogeneous cells"
475,Glycolysis is one of the primary glycometabolic pathways in cells.,"Embden-Meyerhof-Parnas pathway, EMP pathway, glucose catabolism, cellular glucose metabolism, carbohydrate metabolism, intracellular glucose breakdown"
478,Golli-deficient T-cells prefer to differentiate into an anergic phenotype in the adaptive immune response when there are increased levels of Ca2+ in the cytosol.,"MBP-deficient T-cells, myelin basic protein-deficient T lymphocytes, Golli-knockout T cells, cytosolic calcium elevation, intracellular calcium increase, anergic polarization"
491,HNF4A mutations can cause diabetes in mutant carriers by the age of 14 years,"MODY1 mutations, Hepatocyte nuclear factor 4 alpha mutations, maturity-onset diabetes of the young type 1, HNF4A genetic variants, early-onset diabetes mellitus"
501,Headaches are not correlated with cognitive impairment.,"cephalea, cephalalgia, head pain, cognitive decline, cognitive dysfunction, cognitive deficit"
502,"Healthcare delivery efficiency in crowded delivery centers is impaired by improving structural, logistical, and interpersonal elements.","medical service efficiency, care delivery performance, congested maternity wards, crowded obstetric units, high-density healthcare facilities, structural and logistical factors"
507,Helminths interfere with immune system control of macrophages activated by IL-4 favor Mycobacterium tuberculosis replication.,"parasitic worms, macrophage regulation, IL-4 activated macrophages, alternative macrophage activation, M2 macrophages, Mycobacterium tuberculosis proliferation, mycobacterial growth"
508,Hematopoietic Stem Cell purification reaches purity rate of up to 50%.,"HSC isolation, blood stem cell separation, hematopoietic progenitor cell enrichment, stem cell sorting, cell purification yield"
513,High cardiopulmonary fitness causes increased mortality rate.,"cardiorespiratory fitness, aerobic fitness, high physical fitness, mortality risk, death rate, cardiovascular fitness"
514,High dietary calcium intakes are unnecessary for prevention of secondary hyperparathyroidism in subjects with 25(OH)D levels above 75 nmol/liter.,"calcium intake levels, secondary hyperparathyroidism prevention, 25-hydroxyvitamin D concentrations, serum 25(OH)D, parathyroid hormone regulation"
516,High levels of CRP reduces the risk of exacerbations in chronic obstructive pulmonary disease (COPD).,"C-reactive protein, COPD exacerbations, chronic bronchitis, emphysema, systemic inflammation marker, acute exacerbation frequency"
517,High levels of copeptin decrease risk of diabetes.,"copeptin elevation, diabetes mellitus risk, C-terminal pro-arginine vasopressin, diabetes incidence, vasopressin precursor level"
521,High-sensitivity cardiac troponin T (HSCT-T) dosage may not be diagnostic if the onset of symptoms occurs less than 3 hours before acute myocardial injury (AMI).,"hs-cTnT measurement, high-sensitivity cardiac troponin T assay, acute myocardial infarction, acute heart attack, symptom onset time, cardiac biomarker diagnostic value"
525,Histone demethylase recruitment and a transient decrease in histone methylation is necessary for ligand-dependent induction of transcription by nuclear receptors.,"histone demethylation, transcription activation, nuclear receptor signaling, chromatin remodeling, ligand-activated transcription, histone modification dynamics"
527,Homozygous deletion of murine Sbds gene from osterix-expressing mesenchymal stem and progenitor cells (MPCs) prevents oxidative stress.,"Sbds gene knockout, murine Shwachman-Bodian-Diamond syndrome homolog, Osterix-Cre MPCs, mesenchymal progenitor cells, homozygous gene ablation, oxidative stress prevention"
528,Human T-lymphotropic virus type-I-associated myelopathy / tropical spastic paraparesis (HAM/TSP) patients produce Immunoglobulin G (IgG) antibodies which cross-react with an immunodominant epitope in Tax.,"HTLV-1-associated myelopathy, cross-reactive IgG, HTLV-1 Tax protein, immunodominant antigenic determinant, anti-Tax IgG antibodies, HTLV-I Tax antigen, Tax-reactive immunoglobulin G"
532,Hyperfibrinogenemia decreases rates of femoropopliteal bypass thrombosis.,"elevated plasma fibrinogen, high fibrinogen levels, fem-pop bypass thrombosis, femoropopliteal graft thrombosis, femoropopliteal bypass occlusion, reduced incidence of graft thrombosis"
533,Hyperfibrinogenemia increases rates of femoropopliteal bypass thrombosis.,"elevated plasma fibrinogen, fem-pop bypass thrombosis, femoropopliteal graft thrombosis, high blood fibrinogen, elevated fibrinogen levels, fem-pop graft thrombosis"
535,Hypertension is frequently observed in type 1 diabetes patients.,"high blood pressure in type 1 diabetes mellitus, HTN in T1DM, elevated blood pressure in insulin-dependent diabetes mellitus, prevalence of hypertension in T1D, comorbid HTN in type 1 diabetes, hypertension in type 1 diabetic patients"
536,Hypocretin neurones induce panicprone state in rats.,"orexin neurons, orexinergic neurons, hypocretinergic neurons, panic-prone phenotype, panic vulnerability, susceptibility to panic, Rattus norvegicus"
539,Hypoglycemia increases the risk of dementia.,"low blood glucose, low blood sugar, hypoglycemic episodes, risk factor for dementia, elevated dementia risk, association between hypoglycemia and dementia"
540,Hypothalamic glutamate neurotransmission is crucial to energy balance.,"hypothalamic glutamatergic signaling, energy homeostasis, hypothalamic glutamatergic transmission, hypothalamic glutamate signaling, metabolic homeostasis, glutamatergic neurotransmission in the hypothalamus"
544,IFIT1 restricts viral replication by sequestrating mis-capped viral RNAs.,"ISG56, interferon-induced protein with tetratricopeptide repeats 1, suppressing viral replication, sequestering cap-0 RNA, binding non-2'-O-methylated viral RNA, viral RNA sequestration"
549,IRG1 has antiviral effects against neurotropic viruses.,"ACOD1, immune-responsive gene 1, aconitate decarboxylase 1, antiviral activity, neuropathogenic viruses, neurotropic viral pathogens"
551,ITAM phosphorylation prevents the transfer of the T cell receptor (TCR) signal from the echo-domain to the cytoplasmic tail of the T cell receptor (TCR).,"immunoreceptor tyrosine-based activation motif phosphorylation, TCR signal transduction, TCR ectodomain to cytoplasmic domain, extracellular to intracellular signal transmission, phosphorylated ITAM, T-cell receptor cytoplasmic tail"
552,IgA plasma cells that are specific for transglutaminase 2 accumulate in the duodenal mucosa on commencement of a gluten-free diet.,"TG2-specific IgA plasma cells, anti-tTG IgA antibody-secreting cells, tissue transglutaminase-specific IgA cells, anti-TG2 IgA-producing cells, initiation of a gluten-free diet, starting a GFD, duodenal mucosal accumulation"
554,Immune complex triggered cell death leads to extracellular release of neutrophil protein HMGB1.,"high mobility group box 1, antigen-antibody complex, polymorphonuclear neutrophil, PMN, high-mobility group protein B1, extracellular secretion, immune complex-induced cell death"
560,Immune responses result in the development of inflammatory Th17 cells and anti-inflammatory iTregs.,"induced regulatory T cells, T helper 17 cells, proinflammatory Th17 cells, immunosuppressive iTregs, Th17 and iTreg differentiation, Th17 and iTreg polarization"
569,"In adult tissue, most T cells are memory T cells.","memory T lymphocytes, antigen-experienced T cells, majority of T lymphocytes, adult somatic tissues, memory phenotype T cells, mature tissues"
575,"In domesticated populations of Saccharomyces cerevisiae, whole chromosome aneuploidy is very uncommon.","S. cerevisiae, domesticated strains, domesticated lineages, whole-chromosome aneuploidies, chromosomal aneuploidy, low frequency, rare occurrence"
577,"In mice, P. chabaudi parasites are able to proliferate faster early in infection when inoculated at lower numbers than when inoculated at high numbers.","Plasmodium chabaudi, inoculum dose-dependent growth, initial parasite density, density-dependent replication, early phase multiplication rate, murine malaria"
578,"In mouse models, the loss of CSF1R facilitates MOZ-TIF2-induced leuekmogenesis.","colony stimulating factor 1 receptor deficiency, Csf1r knockout, KAT6A-NCOA2, murine models, leukemic transformation, leukemia development, CSF1R deletion"
587,"In transgenic mice harboring green florescent protein under the control of the Sox2 promoter, less than ten percent of the cells with green florescent colocalize with cell proliferation markers.","GFP, green fluorescent protein, Sox2-GFP, Sox2 promoter-driven, co-localization, co-expressing, proliferating cell markers, cell division markers"
589,"In young and middle-aged adults, current or remote uses of ADHD medications do not increase the risk of serious cardiovascular events.","attention-deficit/hyperactivity disorder pharmacotherapy, major adverse cardiovascular events, current or past ADHD medication use, cardiovascular safety of ADHD medications, young and middle-aged cohort, no elevated risk of adverse cardiac events"
593,Incidence of heart failure decreased by 10% in women since 1979.,"congestive heart failure incidence in females, CHF incidence in women, ten percent reduction in heart failure, cardiac failure incidence in females, 10% decline in female heart failure, ten percent decrease in congestive heart failure"
597,Incidence rates of cervical cancer have decreased.,"declining cervical cancer incidence, reduced cervix cancer incidence, decline in cervical carcinoma rates, falling incidence of uterine cervical neoplasms, decrease in cervical cancer occurrence, downward trend in cervix cancer incidence"
598,Incidence rates of cervical cancer have increased due to nationwide screening programs based primarily on cytology to detect uterine cervical cancer.,"cervical carcinoma, uterine cervix neoplasms, Pap smear screening, cytological screening, Papanicolaou test, population-based screening, national screening programs"
613,Increased microtubule acetylation repairs LRRK2 Roc-COR domain mutation induced locomotor deficits.,"tubulin hyperacetylation, leucine-rich repeat kinase 2 Roc-COR mutation, rescues motor deficits, ameliorates motor impairment, reverses locomotor dysfunction, LRRK2 Roc-COR domain mutants, elevated microtubule acetylation"
619,Increased vessel density along with a reduction in fibrosis decreases the efficacy of chemotherapy treatments.,"elevated microvessel density, increased angiogenesis, reduced desmoplasia, decreased fibrogenesis, chemotherapeutic resistance, diminished chemotherapy response, reduced drug sensitivity"
623,Individuals with low serum vitamin D concentrations have increased risk of multiple sclerosis.,"hypovitaminosis D, low vitamin D levels, 25-hydroxyvitamin D deficiency, multiple sclerosis susceptibility, MS risk, serum 25(OH)D concentration"
628,Infection of human T-cell lymphotropic virus type 1 is most frequent in individuals of African origin.,"HTLV-1 infection, human T-lymphotropic virus 1, HTLV-I, African descent, African ancestry, highest prevalence, populations of African origin"
636,"Inositol lipid 3-phosphatase PTEN converts Ptdlns(3,4)P 2 into phosphatidylinositol 4-phosphate.","phosphatase and tensin homolog, phosphatidylinositol 3,4-bisphosphate, PI(3,4)P2, PtdIns(3,4)P2, PI4P, PtdIns(4)P, dephosphorylation of phosphatidylinositol 3,4-bisphosphate"
637,Input from  mental and physical health care professionals is effective at decreasing homelessness.,"multidisciplinary healthcare interventions, homelessness reduction, interprofessional medical and psychiatric support, mitigating housing instability, collaborative clinical care, integrated health services"
641,Insomnia can be effectively treated with cognitive behavioral therapy.,"CBT-I, cognitive behavioral therapy for insomnia, treatment efficacy, clinical effectiveness, cognitive-behavioral therapy, insomnia disorder, CBT"
644,Insulin increases risk of severe kidney failure.,"insulin therapy, exogenous insulin, end-stage renal disease, ESRD, severe renal failure, end-stage kidney disease, ESKD, severe renal impairment"
649,Integrating classroom-based collaborative learning with Web-based collaborative learning leads to subpar class performance,"blended collaborative learning, hybrid collaborative learning, combining face-to-face and online collaborative learning, decreased academic performance, poorer learning outcomes, lower student achievement"
659,Ivermectin is used to treat lymphatic filariasis.,"elephantiasis, LF, IVM, Mectizan, Stromectol, lymphatic filariasis therapy, filariasis treatment"
660,Ivermectin is used to treat onchocerciasis.,"river blindness, Onchocerca volvulus infection, Mectizan, Stromectol, ivermectin therapy for river blindness, treatment of Onchocerca volvulus"
674,LDL cholesterol has no involvement in the development of cardiovascular disease.,"low-density lipoprotein cholesterol, LDL-C, CVD, no causal link, pathogenesis of cardiovascular disease, not associated with cardiovascular disease"
684,Lack of clpC does not affect sporulation efficiency in Bacillus subtilis cells.,"clpC deletion, clpC knockout, clpC-deficient, B. subtilis, spore formation efficiency, dispensable for sporulation, unaffected sporulation frequency"
690,Less than 10% of the gabonese children with Schimmelpenning-Feuerstein-Mims syndrome (SFM) had a plasma lactate of more than 5mmol/L.,"SFMS, linear nevus sebaceus syndrome, blood lactate levels, serum lactate, Gabonese pediatric patients, < 10%, > 5 mmol/L"
691,Leukemia associated Rho guanine nucleotide-exchange factor represses RhoA in response to SRC activation.,"LARG, ARHGEF12, Ras homolog family member A, c-Src, inhibits RhoA, negative regulation of RhoA, Src tyrosine kinase activation"
692,Leuko-increased blood increases infectious complications in red blood cell transfusion.,"non-leukoreduced red blood cell transfusion, non-leukodepleted blood transfusion, leukocyte-containing blood transfusion, PRBC transfusion infectious complications, post-transfusion infection risk, erythrocyte transfusion infectious morbidity"
693,Leuko-reduced blood reduces infectious complications in red blood cell transfusion.,"leukocyte-depleted red blood cells, PRBC transfusion, transfusion-associated infections, leukodepleted erythrocyte transfusion, leukocyte depletion, post-transfusion infections"
700,Localization of PIN1 in the Arabidopsis embryo does not require VPS9a,"subcellular localization of PIN-FORMED 1, Arabidopsis thaliana embryo, VPS9a-independent, independent of VPS9a, PIN-FORMED1 distribution, PIN1 targeting"
702,Localization of PIN1 in the roots of Arabidopsis does not require VPS9a,"PIN-FORMED 1 localization, Arabidopsis thaliana roots, VPS9a-independent, independent of VPS9a, vacuolar protein sorting 9a, A. thaliana roots, PIN1 subcellular localization"
715,Low expression of miR7a does represses target genes and exerts a biological function in ovaries.,"downregulation of miR-7a, underexpression of microRNA-7a, low levels of miR-7a, target gene silencing, repression of target mRNAs, physiological role in ovaries, functional impact in ovarian tissue"
716,Low expression of miR7a exerts a biological function in testis.,"microRNA-7a downregulation, reduced expression of miR-7a, functional role of miR-7a in testes, physiological role of microRNA-7a in testis, low levels of miR-7a in testicular tissue, miR-7a deficiency in the testis"
718,Low nucleosome occupancy correlates with low methylation levels across species.,"nucleosome depletion, DNA hypomethylation, low nucleosome density, decreased DNA methylation, conserved across species, interspecies conservation"
721,Lupus-prone mice infected with curliproducing bacteria have higher autoantibody titers compared to controls.,"SLE-prone mice, lupus-susceptible mice, curli-expressing bacteria, elevated autoantibody levels, increased autoantibody concentrations, elevated autoantibody titers"
723,Ly49Q directs the organization of neutrophil migration to inflammation sites by regulating membrane raft functions.,"KLRA17, neutrophil chemotaxis, PMN migration, lipid raft functions, membrane microdomain activity, polymorphonuclear leukocyte trafficking, neutrophil recruitment"
727,Ly6C hi monocytes have a lower inflammatory capacity compared to their Ly6C lo counterparts.,"Ly6C^high monocytes, Ly6C^low monocytes, Ly6C-high monocytes, Ly6C-low monocytes, inflammatory potential, pro-inflammatory capacity, Ly-6C+ monocytes, Ly-6C- monocytes"
728,Ly6C hi monocytes have a lower inflammatory capacity than Ly6C lo monocytes.,"Ly6Chigh monocytes, Ly6Clow monocytes, Ly6C^high monocytes, Ly6C^low monocytes, inflammatory potential, pro-inflammatory activity, proinflammatory capacity"
729,Lymphadenopathy is observed in knockin mouse lacking the SHP-2 MAPK pathway.,"lymph node enlargement, lymphadenomegaly, Shp2 MAPK signaling-deficient, PTPN11 mitogen-activated protein kinase pathway, Shp2-deficient knock-in mice, KI mouse model"
742,Macrolides have no protective effect against myocardial infarction.,"macrolide antibiotics, acute myocardial infarction, AMI, lack of cardioprotective effect, macrolide therapy and MI risk, macrolides and acute myocardial infarction risk"
743,Macrolides protect against myocardial infarction.,"macrolide antibiotics, acute myocardial infarction, heart attack, AMI, MI, cardioprotection, cardioprotective effect"
744,Macropinocytosis contributes to a cell's supply of amino acids via the intracellular uptake of protein.,"macropinocytic internalization, extracellular protein internalization, cellular amino acid acquisition, macropinocytic protein uptake, endocytic protein uptake, bulk fluid-phase endocytosis"
756,Many proteins in human cells can be post-translationally modified at lysine residues via acetylation.,"lysine PTM, lysine acetylation, K-acetylation, post-translational lysine acetylation, N-epsilon-lysine acetylation, human protein acetylome, protein lysine acetylation, lysine-acetylated proteins"
759,Mathematical models predict that using Artemisinin-based combination therapy over nongametocytocidal drugs have a dramatic impact in reducing malaria transmission.,"ACTs, artemisinin-based combination therapies, non-gametocytocidal antimalarials, drugs lacking gametocytocidal activity, malaria transmission modeling, malaria transmission reduction, mathematical transmission models"
768,Mercaptopurine is anabolized into the inactive methylmercaptopurine by thiopurine methyltrasnferase (TPMT).,"6-mercaptopurine, 6-MP, thiopurine S-methyltransferase, 6-methylmercaptopurine, 6-MMP, S-methylation of mercaptopurine, TPMT methylation"
770,Metastatic colorectal cancer treated with a single agent fluoropyrimidines resulted in reduced efficacy and lower quality of life when compared with oxaliplatin-based chemotherapy in elderly patients.,"mCRC, advanced colorectal cancer, fluoropyrimidine monotherapy, oxaliplatin-containing chemotherapy, geriatric patients, older adults, health-related quality of life, HRQoL"
775,Mice defective for deoxyribonucleic acid (DNA) polymerase I (polI) reveal increased sensitivity to ionizing radiation (IR).,"DNA polymerase I-deficient mice, polI knockout mice, increased radiosensitivity, hypersensitivity to ionizing radiation, DNA pol I deficiency, ionising radiation hypersensitivity"
781,Mice that lack Interferon-γ or its receptor exhibit high resistance to experimental autoimmune myocarditis.,"IFN-gamma-deficient mice, IFN-γ knockout mice, IFNGR knockout mice, Interferon-gamma receptor-deficient, EAM resistance, IFN-g-deficient mice"
783,Mice without IFN-γ or its receptor are resistant to EAM induced with α-MyHC/CFA.,"experimental autoimmune myocarditis, interferon-gamma receptor, alpha-myosin heavy chain, Complete Freund's Adjuvant, IFN-gamma knockout mice, IFNGR deficient mice, IFN-g deficient"
784,MicroRNA is involved in the regulation of Neural Stem Cell (NSC) differentiation and proliferation dynamic homeostasis,"miRNA, miRNAs, neural precursor cells, NSC proliferation, NSC differentiation, homeostatic regulation, homeostatic control"
785,Microarray results from culture-amplified mixtures of serotypes correlate poorly with microarray results from uncultured mixtures.,"DNA microarray, gene expression profiling, culture amplification, enrichment bias, uncultured samples, multi-serotype mixtures, correlation analysis"
793,Mitochondria are uninvolved in apoptosis.,"mitochondria-independent apoptosis, mitochondrial-independent programmed cell death, apoptosis independent of mitochondria, non-mitochondrial apoptotic pathway, programmed cell death independent of mitochondria, absence of mitochondrial involvement in apoptosis"
800,Modifying the epigenome in the brain affects the normal human aging process by affecting certain genes related to neurogenesis.,"epigenetic modification in the central nervous system, brain epigenetic editing, physiological brain aging, neurogenic gene expression, cerebral chromatin remodeling, neural senescence, epigenetic regulation of neurogenesis"
805,Monoclonal antibody targeting of N-cadherin inhibits metastasis.,"anti-N-cadherin mAb, anti-CDH2 monoclonal antibody, cadherin-2 blockade, metastasis suppression, inhibiting metastatic spread, anti-cadherin-2 antibodies"
808,Most termination events in Okazaki fragments are sequence specific.,"sequence-dependent Okazaki fragment termination, sequence-specific lagging strand synthesis termination, sequence specificity in Okazaki fragment maturation, sequence-directed Okazaki fragment processing, sequence-dependent termination of Okazaki fragment synthesis"
811,Mutant mice lacking SVCT2 have greatly increased ascorbic acid levels in both brain and adrenals.,"SVCT2-deficient mice, Slc23a2 knockout mice, sodium-dependent vitamin C transporter 2, SVCT2 null mice, elevated ascorbate levels, increased vitamin C concentration, brain and adrenal glands"
814,"Mutations in G-Beta protein GNB2 are present in many cancers, resulting in loss of interaction with G-alpha subunits and concomitant activation of AKT pathway.","G protein subunit beta 2, Gβ2 variants, Gα subunits, disrupted G-alpha binding, AKT signaling activation, protein kinase B pathway activation, GNB2 alterations"
820,N-terminal cleavage increases success identifying transcription start sites.,"N-terminal truncation, amino-terminal cleavage, TSS mapping, transcription start site detection, N-terminal processing, TSS identification accuracy"
821,N-terminal cleavage reduces success identifying transcription start sites.,"amino-terminal cleavage, N-terminal truncation, TSS mapping, TSS identification, impairs transcription start site identification, compromises TSS determination, hinders TSS mapping"
823,N348I mutations cause resistance to zidovudine (AZT).,"N348I substitution, azidothymidine, ZDV, zidovudine resistance, AZT resistance, reduced susceptibility to zidovudine, decreased susceptibility to AZT"
830,NF2 (Merlin) causes phosphorylation and subsequent cytoplasmic sequestration of YAP in Drosophila by activating LATS1/2 kinases.,"Neurofibromin 2, Yorkie, Warts kinase, cytosolic retention, Drosophila melanogaster, Yki, Wts"
831,NF2 (Merlin) prevents phosphorylation and subsequent cytoplasmic sequestration of YAP in Drosophila.,"Neurofibromin 2, Yorkie, Yki, cytoplasmic retention of YAP, cytosolic localization, inhibits phosphorylation, Drosophila melanogaster"
832,NFAT4 activation requires IP3R-mediated Ca2+ mobilization.,"NFATc3 activation, inositol 1,4,5-trisphosphate receptor-mediated calcium mobilization, IP3 receptor-dependent calcium release, NFATc3 nuclear translocation, InsP3R-dependent Ca2+ mobilization, IP3R-induced calcium release"
834,NOX2-independent pathways can generate peroxynitrite by reacting with nitrogen intermediates.,"gp91phox-independent peroxynitrite formation, non-NOX2-mediated peroxynitrite synthesis, NADPH oxidase 2-independent ONOO- generation, reaction with reactive nitrogen intermediates, interaction with reactive nitrogen species, peroxynitrite production via non-NOX2 pathways"
837,NR5A2 is important in development of endometrial tissues.,"LRH-1, liver receptor homolog-1, nuclear receptor subfamily 5 group A member 2, endometrial development, endometrium development, uterine lining development, LRH1"
839,Nanoparticles can be targeted against specific cell types by incorporating aptamers into lipid nanoparticles.,"aptamer-functionalized lipid nanoparticles, aptamer-conjugated LNPs, cell-specific targeting, aptamer-modified lipid nanoparticles, cell-type-specific delivery, LNPs, selective cell targeting"
845,Neutrophil extracellular traps (NETs) are released by ANCA-stimulated neutrophils.,"ANCA-activated neutrophils, anti-neutrophil cytoplasmic antibody-stimulated PMNs, ANCA-induced NETosis, ANCA-mediated NET release, neutrophil extracellular trap formation, anti-neutrophil cytoplasmic autoantibodies"
847,New drugs for tuberculosis often do not penetrate the necrotic portion of a tuberculosis lesion in high concentrations.,"caseous necrotic core, drug penetration into caseum, novel antitubercular agents, necrotic center of tuberculous granulomas, lesion drug distribution, caseous drug accumulation"
852,Non-invasive ventilation use should be decreased if there is inadequate response to conventional treatment.,"NIV de-escalation, NPPV, noninvasive positive pressure ventilation, standard medical therapy failure, insufficient response to conventional therapy, non-invasive mechanical ventilation weaning"
859,Normal expression of RUNX1 has tumor-promoting effects.,"wild-type RUNX1 oncogenic role, endogenous RUNX1 expression pro-tumorigenic activity, wild-type AML1 pro-oncogenic effects, physiological RUNX1 expression promotes tumorigenesis, runt-related transcription factor 1 oncogenic function, endogenous AML1 tumor-promoting activity"
870,Obesity decreases life quality.,"health-related quality of life, HRQoL, impairs quality of life, reduces quality of life, diminishes quality of life, adiposity impairs quality of life"
873,Obesity is determined solely by environmental factors.,"environmental determinants of adiposity, non-genetic factors, exogenous influences, exclusive environmental etiology, non-genetic determinants of obesity, exclusively non-genetic determination, exogenous etiology"
879,Occupancy of ribosomes by IncRNAs do not make functional peptides.,"ribosome-bound long non-coding RNAs, ribosomal association of lncRNAs, lncRNAs lack coding potential, translationally silent ribosome-associated lncRNAs, ribosome-associated lncRNAs do not encode proteins, non-coding nature of ribosome-bound lncRNAs"
880,Occupancy of ribosomes by IncRNAs mirror 5 0-UTRs,"ribosomal occupancy of long non-coding RNAs, 5' untranslated regions, ribosome profiling of lncRNAs, 5'-UTRs, lncRNA ribosome association, ribosomal binding of long noncoding RNAs, five prime untranslated regions"
882,Omnivores produce less trimethylamine N-oxide from dietary I-carnitine than vegetarians.,"TMAO, L-carnitine, TMAO production, carnitine metabolism, meat-eaters, conversion of carnitine to TMAO, non-vegetarians"
887,Only a minority of cells survive development after differentiation into stress-resistant spores.,"sporulation, sporogenesis, low survival rate, low cell viability, spore formation, spore development, dormant spores"
903,PD-1 triggering on monocytes reduces IL-10 production by monocytes.,"PD-1 ligation on monocytes, PD-1 engagement on monocytes, PD-1 activation on monocytes, inhibits monocyte IL-10 production, suppressed monocyte IL-10 synthesis, decreased interleukin-10 secretion, downregulated IL-10 expression"
904,PDPN promotes efficient motility along stromal surfaces by activating the C-type lectin receptor to rearrange the actin cytoskeleton in dendritic cells.,"podoplanin, CLEC-2, gp38, actin cytoskeletal rearrangement, cell migration, DCs, C-type lectin-like receptor 2"
907,PGE 2 promotes intestinal tumor growth by altering the expression of tumor suppressing and DNA repair genes.,"Prostaglandin E2, PGE2, intestinal tumorigenesis, tumor suppressor genes, modulating gene expression, DNA damage repair genes, intestinal neoplasm growth"
911,PKG-la plays an essential role in expression of pain hypersensitivity in PGK-la knockout mice.,"cGMP-dependent protein kinase I alpha, PKG-I alpha, PKG-Iα, hyperalgesia, nociceptive hypersensitivity, pain sensitization, KO mice, null mutant mice"
913,PPAR-RXRs are inhibited by PPAR ligands.,"peroxisome proliferator-activated receptor-retinoid X receptor heterodimers, PPAR-RXR heterodimer inhibition, PPAR-RXR inactivation, antagonism of PPAR-RXR, peroxisome proliferator-activated receptor ligands, PPAR-RXR heterodimer suppression, PPAR/RXR complex inactivation"
914,PPAR-RXRs can be activated by PPAR ligands.,"PPAR-RXR heterodimers, peroxisome proliferator-activated receptor-retinoid X receptor heterodimers, PPAR agonists, peroxisome proliferator-activated receptor agonists, PPAR activators, agonist-induced PPAR-RXR activation"
921,Participating in six months of physical activity improves cognitive functioning.,"6-month physical exercise, 24-week exercise intervention, cognitive performance enhancement, improves cognitive performance, enhancement of cognitive function, half-year physical training, cognitive health improvement"
922,Patients in stable partnerships have a faster progression from HIV to AIDS.,"patients in stable relationships, individuals in long-term partnerships, rapid HIV disease progression, accelerated progression to AIDS, faster HIV-to-AIDS progression, stable relationship status"
936,Peroxynitrite is required for nitration of TCR/CD8.,"ONOO-, peroxynitrite anion, tyrosine nitration of TCR/CD8, TCR-CD8 tyrosine nitration, T-cell receptor CD8 nitration, nitration of T-cell receptor and CD8"
956,Pleiotropic coupling of GLP-1R to intracellular effectors promotes distinct profiles of cellular signaling.,"Glucagon-like peptide-1 receptor, GLP1R, pleiotropic GPCR coupling, downstream signaling mediators, differential signaling cascades, promiscuous receptor coupling, intracellular transducers"
957,Podocytes are motile and migrate in the presence of injury.,"podocyte motility, podocyte migration, glomerular epithelial cell migration, visceral epithelial cell motility, podocyte locomotion, podocyte migration in response to injury"
960,Polymeal nutrition reduces cardiovascular mortality.,"Polymeal diet, CVD mortality, cardiovascular disease mortality, cardiovascular death, cardiovascular mortality reduction, lowering cardiovascular mortality"
967,Pretreatment with the Arp2/3 inhibitor CK-666 affects lamelliopodia formation.,"actin-related protein 2/3 inhibitor, CK666, lamellipodia assembly, lamellipodia protrusion, lamellipodium formation, pre-treatment"
971,Primary cervical cancer screening with HPV detection has higher longitudinal sensitivity than conventional cytology to detect cervical intraepithelial neoplasia grade 2.,"human papillomavirus testing, HPV DNA testing, Papanicolaou test, Pap smear, cervical cytology, CIN2, long-term sensitivity"
975,Primary pro-inflammatory cytokines induce secondary pro- and anti-inflammatory mediators.,"downstream inflammatory mediators, initiating inflammatory cytokines, secondary immunomodulatory mediators, trigger downstream mediators, primary inflammatory cytokines, stimulate secondary cytokines"
982,Proteins synthesized at the growth cone are ubiquitinated at a higher rate than proteins from the cell body.,"ubiquitylated, somatic proteins, somal proteins, locally synthesized growth cone proteins, ubiquitin conjugation, elevated ubiquitination rate, growth cone-translated proteins"
985,Pseudogene PTENP1 regulates the expression of PTEN by functioning as an miRNA decoy.,"competitive endogenous RNA, ceRNA, miRNA sponge, microRNA decoy, PTEN pseudogene 1, phosphatase and tensin homolog"
993,Pyridostatin destabilizes the G - quadruplex in the telomeric region.,"PDS, G4, guanine quadruplex, G-tetraplex, telomeric DNA, telomeres, disrupts, destabilization"
1012,Radioiodine treatment of non-toxic multinodular goitre reduces thyroid volume.,"Radioactive iodine therapy, I-131 therapy, RAI therapy, nontoxic multinodular goiter, thyroid volume reduction, iodine-131 treatment, thyroid size reduction"
1014,Rapamycin decreases the concentration of triacylglycerols in fruit flies.,"Sirolimus, Drosophila melanogaster, triglyceride levels, TAG concentration, triacylglycerol content, triglyceride concentration, reduces triacylglycerols"
1019,Rapid phosphotransfer rates govern fidelity in two component systems,"two-component signal transduction, phosphoryl transfer kinetics, signaling specificity, TCS, phosphotransfer selectivity, fast phosphoryl transfer, kinetic specificity"
1020,Rapid up-regulation and higher basal expression of interferon-induced genes increase survival of granule cell neurons that are infected by West Nile virus.,"interferon-stimulated genes, ISGs, cerebellar granule cells, CGNs, elevated basal expression, WNV infection, interferon-responsive genes"
1021,Rapid up-regulation and higher basal expression of interferon-induced genes reduce survival of granule cell neurons that are infected by West Nile virus.,"interferon-stimulated genes, ISGs, WNV, granule cells, elevated basal expression, decreased cell viability"
1024,Recurrent mutations occur frequently within CTCF anchor sites adjacent to oncogenes.,"CTCF binding sites, recurrent genomic alterations, CTCF loop anchors, CCCTC-binding factor sites, flanking proto-oncogenes, hotspot mutations"
1029,Reduced responsiveness to interleukin-2 in regulatory T cells is associated with greater resistance to autoimmune diseases such as Type 1 Diabetes.,"IL-2 hyporesponsiveness, Tregs, diminished IL-2 signaling, T1D, regulatory T-lymphocytes, impaired interleukin-2 response, autoimmune diabetes resistance"
1041,Replacement of histone H2A with H2A.Z slows gene activation in yeasts by stabilizing +1 nucleosomes.,"H2A.Z deposition, H2A.Z incorporation, H2A-H2A.Z exchange, delayed gene activation, delayed transcriptional activation, delayed gene induction, plus-one nucleosome stabilization, stabilization of the +1 nucleosome"
1049,Ribosomopathies have a low degree of cell and tissue specific pathology.,"ribosomal biogenesis disorders, ribosomal disorders, lack of tissue specificity, non-tissue-specific pathology, systemic phenotypic manifestations, broad tissue distribution of pathology"
1062,S-nitrosylated GAPDH physiologically transnitrosylates histone deacetylases.,"SNO-GAPDH, HDACs, S-nitrosated glyceraldehyde-3-phosphate dehydrogenase, S-nitrosyl transfer, transnitrosylation of HDACs, S-nitrosated GAPDH, physiological transnitrosylation"
1086,Sildenafil improves erectile function in men who experience sexual dysfunction as a result of the use of SSRI antidepressants.,"sildenafil citrate, phosphodiesterase-5 inhibitor, PDE5 inhibitor, erectile dysfunction, selective serotonin reuptake inhibitors, SSRI-induced sexual dysfunction, ED"
1088,Silencing of Bcl2 is important for the maintenance and progression of tumors.,"Bcl-2 knockdown, Bcl-2 downregulation, B-cell lymphoma 2 gene silencing, tumorigenesis, oncogenesis, neoplastic progression"
1089,Smc5/6 engagment drives the activation of SUMO E3 ligase Mms21 by ATP-dependent remolding.,"Smc5-Smc6 complex, Nse2 SUMO E3 ligase, ATP-dependent conformational remodeling, Smc5/6 binding, ATP-driven structural transition, Mms21/Nse2 SUMO ligase"
1099,Statins decrease blood cholesterol.,"HMG-CoA reductase inhibitors, lower serum cholesterol, reduce plasma cholesterol, decrease circulating cholesterol, lower blood cholesterol levels, reduction of serum cholesterol"
1100,Statins increase blood cholesterol.,"HMG-CoA reductase inhibitors elevate serum cholesterol, statins raise plasma cholesterol, HMG-CoA reductase inhibitors increase circulating cholesterol, statins elevate circulating cholesterol, HMG-CoA reductase inhibitors raise serum cholesterol, statin-induced elevation of serum cholesterol"
1104,Stroke patients with prior use of direct oral anticoagulants have a lower risk of in-hospital mortality than stroke patients with prior use of warfarin.,"DOACs, NOACs, non-vitamin K antagonist oral anticoagulants, VKAs, vitamin K antagonists, inpatient mortality, prestroke anticoagulation"
1107,Subcutaneous fat depots undergo extensive browning processes after cold exposure.,"subcutaneous adipose tissue browning, scWAT beiging, browning of white adipose tissue, subcutaneous white fat beigeing, cold-induced adipose browning, cold acclimation"
1110,Suboptimal nutrition is not predictive of chronic disease,"poor nutritional status, nutritional inadequacy, non-communicable diseases, lack of association, not correlated with, chronic illnesses, dietary deficiency"
1121,Synaptic activity enhances local release of brain derived neurotrophic factor from postsynaptic dendrites.,"BDNF, brain-derived neurotrophic factor, dendritic BDNF release, activity-dependent BDNF release, postsynaptic BDNF secretion, synaptic transmission, dendritic secretion of BDNF"
1130,T regulatory cells (tTregs) lacking αvβ8 are more adept at suppressing pathogenic T-cell responses during active inflammation.,"thymic regulatory T cells, αvβ8-deficient tTregs, integrin alphavbeta8-deficient regulatory T cells, suppression of pathogenic T cell responses, inhibiting effector T cell responses, acute inflammatory environments"
1132,TCR/CD3 microdomains are a required to induce the immunologic synapse to activate T cells.,"T-cell receptor-CD3 complexes, immunological synapse formation, T-lymphocyte activation, TCR-CD3 clustering, supramolecular activation clusters, TCR microclusters"
1137,TNFAIP3 is a tumor suppressor in glioblastoma.,"A20, TNF alpha-induced protein 3, glioblastoma multiforme, GBM, tumor suppressor gene, tumor-suppressive, antioncogene"
1140,Taking 400mg of α-tocopheryl acetate helps to prevent prostate cancer.,"alpha-tocopheryl acetate, alpha-tocopherol acetate, vitamin E acetate, prostate carcinoma, prostatic neoplasms, prostate cancer chemoprevention, prophylaxis of prostate cancer"
1144,Taxation of sugar-sweetened beverages had no effect on the incidence rate of type II diabetes in India.,"SSB tax, sugar tax, soda tax, type 2 diabetes, T2DM, non-insulin-dependent diabetes mellitus, sugary drink taxation"
1146,Teaching hospitals do not provide better care than non-teaching hospitals.,"academic medical centers, community hospitals, non-academic hospitals, quality of care, clinical outcomes, patient outcomes, comparative hospital performance"
1150,Tetraspanin-3 is a causative factor in the development of acute myelogenous leukemia,"TSPAN3, acute myeloid leukemia, AML, Tspan-3, acute myeloblastic leukemia, pathogenesis of AML, etiological factor in AML"
1163,The DdrB protein from Deinococcus radiodurans is an alternative SSB.,"DNA damage response protein B, D. radiodurans, single-stranded DNA-binding protein, alternative single-stranded DNA-binding protein, non-canonical single-stranded DNA-binding protein, novel single-stranded DNA-binding protein"
1175,The PPR MDA5 has two N-terminal CARD domains.,"IFIH1, melanoma differentiation-associated protein 5, pattern recognition receptor, tandem N-terminal CARDs, dual amino-terminal caspase recruitment domains, N-terminal caspase activation and recruitment domains"
1179,The PRR MDA5 has a central DExD/H RNA helices domain.,"pattern recognition receptor, melanoma differentiation-associated protein 5, IFIH1, DExD/H-box RNA helicase domain, DEAD/H box helicase domain, interferon-induced helicase C domain-containing protein 1"
1180,The PRR MDA5 is a sensor of RNA virus infection.,"IFIH1, Melanoma differentiation-associated protein 5, pattern recognition receptor MDA5, RIG-I-like receptor MDA5, cytosolic RNA sensor, viral RNA recognition, innate immune sensor of RNA viruses"
1185,The US health care system can save up to $750 million if 7% of patients waiting for kidney transplants participate in the optimized national kidney paired donation program.,"paired kidney exchange, renal transplantation, kidney exchange program, kidney paired exchange, KPD, healthcare cost savings"
1187,The YAP1 and TEAD complex tanslocates into the nucleus where it interacts with transcription factors and DNA-binding proteins that modulate target gene transcription.,"YAP-TEAD transcriptional complex, nuclear translocation of YAP1, nuclear import of YAP-TEAD, regulation of downstream target genes, Yes-associated protein and TEA domain complex, YAP-TEAD transcriptional activity"
1191,The amount of publicly available DNA data doubles every 10 years.,"doubling time of public genomic data, growth rate of public nucleotide sequence databases, decadal doubling of DNA sequence data, accumulation of publicly available genetic data, expansion rate of open-access sequence databases, doubling rate of public genomic repositories"
1194,The arm density of TatAd complexes is due to structural rearrangements within Class1 TatAd complexes such as the 'charge zipper mechanism'.,"Class I TatAd complexes, conformational changes in Class 1 TatAd, electrostatic zipper mechanism, TatAd arm-like density, conformational rearrangements of Class I TatAd, charge-zipper model"
1196,The availability of safe places to study is effective at decreasing homelessness.,"safe study spaces, secure learning environments, safe learning spaces, reducing homelessness, homelessness prevention, mitigating homelessness, homelessness reduction"
1197,The availability of safe places to study is not effective at decreasing homelessness.,"safe study spaces, secure study environments, ineffective at reducing homelessness, inefficacy in mitigating housing insecurity, lack of impact on homelessness rates, safe learning environments"
1199,The benefits of colchicine were achieved with effective widespread use of secondary prevention strategies such as high-dose statins.,"High-intensity statin therapy, colchicine efficacy, intensive statin therapy, secondary prevention therapies, high-intensity statins, therapeutic benefits of colchicine, secondary prophylactic strategies"
1200,The binding orientation of the ML-SA1 activator at hTRPML2 is different from the binding orientation of the ML-SA1 activator at hTRPML1.,"binding pose, binding mode, human TRPML2, human TRPML1, ML-SA1 agonist, distinct binding configurations, alternative docking poses"
1202,The center of the granuloma in an immune cell induces a pro-inflammatory immune response.,"granuloma core, proinflammatory immune response, central region of the granuloma, triggers a proinflammatory response, elicits an inflammatory reaction, stimulates proinflammatory activation"
1204,The combination of H3K4me3 and H3K79me2 is found in quiescent hair follicle stem cells.,"histone H3 lysine 4 trimethylation, histone H3 lysine 79 dimethylation, quiescent HFSCs, trimethylated H3K4, dimethylated H3K79, co-occurrence of H3K4me3 and H3K79me2, resting hair follicle stem cells"
1207,The composition of myosin-II isoform switches from the polarizable B isoform to the more homogenous A isoform during hematopoietic differentiation.,"non-muscle myosin II isoform transition, NMHC II-A and NMHC II-B, MYH9 and MYH10, hematopoiesis, non-muscle myosin heavy chain isoform switch, blood cell differentiation"
1213,The deregulated and prolonged activation of monocytes has deleterious effects in inflammatory diseases.,"dysregulated monocyte activation, sustained monocyte activation, persistent monocyte activation, aberrant monocyte activation, chronic monocyte activation, detrimental effects in inflammatory disorders, harmful effects in inflammatory diseases"
1216,The extracellular domain of TMEM27 is cleaved in human beta cells.,"TMEM27 ectodomain shedding, collectrin ectodomain cleavage, TMEM27 ECD proteolysis, soluble TMEM27, human pancreatic beta-cells, proteolytic cleavage of TMEM27"
1221,The genomic aberrations found in matasteses are very similar to those found in the primary tumor.,"genomic concordance between primary and metastatic tumors, genetic similarity of primary and metastatic lesions, mutational similarity, concordance of genomic alterations, somatic mutations in primary and metastatic lesions, genomic profiles of primary and metastatic tumors"
1225,The locus rs647161 is associated with colorectal carcinoma.,"colorectal cancer, CRC, colorectal adenocarcinoma, rs647161 polymorphism, rs647161 variant, genetic association"
1226,"The loss of the TET protein functions may have dire biological consequences, such as myeloid cancers.","TET loss-of-function, TET inactivation, TET deficiency, ten-eleven translocation deficiency, myeloid malignancies, myeloid neoplasms, loss of TET activity"
1232,The minor G allele of FOXO3 is related to more severe symptoms of Crohn's Disease.,"FOXO3 G allele, FOXO3 minor allele, FOXO3 rs12212067, Crohn disease severity, severe Crohn's disease course, Forkhead box O3 G allele, severe Crohn's phenotype"
1241,The myocardial lineage develops from cardiac progenitors of mesodermal origin.,"cardiomyocyte lineage, cardiac progenitor cells, CPCs, mesoderm-derived, cardiogenic progenitors, mesodermal lineage"
1245,The one-child policy has been successful in lowering population growth.,"single-child policy, population growth reduction, demographic growth reduction, decreasing population growth, declining population growth, curtailing population growth"
1259,The relationship between a breast cancer patient's capacity to metabolize tamoxifen and treatment outcome is dependent on the patient's genetic make-up.,"tamoxifen pharmacogenetics, tamoxifen pharmacogenomics, tamoxifen biotransformation, genetic polymorphisms, treatment response, clinical response"
1262,The repair of Cas9-induced double strand breaks in human DNA is error-prone.,"Cas9-mediated double-strand breaks, mutagenic DSB repair, Cas9 cleavage repair, imperfect repair of Cas9-induced DSBs, human genomic DSB resolution, Cas9-mediated DSBs in human cells"
1266,"The risk of breast cancer among parous women increases with placental weight of pregnancies, and this association is strongest for premenopausal breast cancer.","placental mass, breast carcinoma, parous females, premenopausal breast carcinoma, placenta weight, breast neoplasm, premenopausal breast neoplasm"
1270,The risk of male prisoners harming themselves is ten times that of female prisoners.,"male inmates self-injurious behavior, gender differences in prisoner self-harm, tenfold self-injury risk in incarcerated males, sex-specific rates of inmate self-directed violence, relative risk of self-harm among imprisoned men, deliberate self-harm in male convicts versus female convicts"
1271,The severity of cardiac involvement in amyloidosis can be described by the degree of transmurality of late gadolinium enhancement in MRI.,"cardiac amyloidosis, myocardial amyloidosis, LGE, delayed gadolinium enhancement, cardiac magnetic resonance, CMR, transmural extent"
1272,The single flash-evoked ERG b-wave is generated by activity of ON-bipolar cells.,"electroretinogram b-wave, depolarizing bipolar cells, single-flash electroretinogram, ON-center bipolar cells, flash ERG b-wave, depolarizing retinal bipolar cells"
1273,The sliding activity of kinesin-8 protein Kip3 promotes bipolar spindle assembly.,"Kip3p, kinesin-8 Kip3, microtubule sliding activity, bipolar spindle formation, mitotic spindle assembly, bipolar spindle organization"
1274,The tip of the inner tube of the toxic type VI secretion system (T6SS) antibacterial effector in Escherichia coli (E. coli) carries toxic effector proteins.,"Type 6 secretion system, T6SS tail spike, Hcp tail tube, antimicrobial effector, bactericidal effector, VgrG spike protein, T6SS toxic payload"
1278,The treatment of cancer patients with co-IR blockade does not cause any adverse autoimmune events.,"co-inhibitory receptor blockade, co-inhibitory receptor inhibition, immune-related adverse events, irAEs, autoimmune side effects, autoimmune toxicities, immune-mediated adverse reactions"
1279,The treatment of cancer patients with co-IR blockade precipitates adverse autoimmune events.,"immune checkpoint blockade, immune-related adverse events, irAEs, checkpoint inhibitor therapy, immune-mediated toxicities, co-inhibitory receptor inhibition, autoimmune side effects"
1280,"The ureABIEFGH gene cluster encodes urease maturation proteins : UreD/UreH, UreE, UreF, and UreG.","urease accessory proteins, urease operon, urease activation proteins, ure gene cluster, urease accessory chaperones, urease metallochaperones"
1281,The ureABIEFGH gene cluster is induced by nickel (II) ion.,"ureABIEFGH operon, urease gene cluster, Ni2+, Ni(II), nickel-induced expression, upregulated by nickel, divalent nickel ion"
1282,Therapeutic use of the drug Dapsone to treat pyoderma gangrenous is based on anecdotal evidence.,"pyoderma gangrenosum, diaminodiphenyl sulfone, DDS, case reports, case series, empirical clinical observations"
1290,There is an inverse relationship between hip fractures and statin use.,"HMG-CoA reductase inhibitors, statin therapy, negative association, femoral neck fractures, reduced hip fracture risk, protective association"
1292,There is no association between HNF4A mutations and diabetes risks.,"hepatocyte nuclear factor 4-alpha variants and diabetes susceptibility, HNF4A polymorphisms and diabetes risk, HNF-4alpha mutations and diabetes predisposition, lack of association between HNF4A and diabetes mellitus, HNF4A genetic variants and diabetes susceptibility"
1298,Thigh-length graduated compression stockings (GCS) did not reduce deep vein thrombosis in patients admitted to hospital who are immobile because of acute stroke.,"deep venous thrombosis, DVT, thigh-high graduated compression stockings, thigh-length elastic stockings, acute cerebrovascular accident immobility, non-ambulatory stroke patients, hospitalized immobile stroke patients"
1303,Tirasemtiv has no effect on fast-twitch muscle.,"CK-2017357 has no effect on fast-twitch muscle, Tirasemtiv does not affect type II muscle fibers, Tirasemtiv has no impact on fast skeletal muscle, CK-2017357 does not alter fast-twitch muscle fibers, Tirasemtiv lacks efficacy on fast-twitch muscle"
1316,Transferred UCB T cells acquire a memory-like phenotype in recipients.,"umbilical cord blood T lymphocytes, adoptively transferred cord blood T cells, memory-like T cell phenotype, acquisition of memory-like characteristics, cord blood T cell adoptive transfer, differentiation into memory-like T cells"
1319,Transplanted human glial cells can differentiate within the host animal.,"engrafted human glial cells, xenografted human glia, in vivo differentiation of transplanted glia, human glial xenograft differentiation, post-transplantation glial cell differentiation, differentiation within the recipient organism"
1320,Transplanted human glial progenitor cells are incapable of forming a neural network with host animals' neurons.,"grafted human glial precursor cells, hGPCs, failure to integrate with host neurons, inability to form synapses with host neurons, lack of functional integration with host neural networks, failure of graft-host synaptogenesis"
1332,Tumor necrosis factor alpha (TNF-α) and interleukin-1 (IL-1) are pro-inflammatory cytokines that inhibit IL-6 and IL-10.,"TNF-alpha, interleukin-6, interleukin-10, inflammatory cytokines, suppress IL-6 and IL-10, downregulate IL-6 and IL-10, negatively regulate IL-6 and IL-10"
1335,UCB T cells maintain high TCR diversity after transplantation.,"umbilical cord blood T lymphocytes, post-transplantation, T-cell receptor repertoire diversity, cord blood T-cells, diverse TCR repertoire, post-transplant, TCR clonal diversity"
1336,UCB T cells reduce TCR diversity after transplantation.,"umbilical cord blood T-cells, cord blood T lymphocytes, post-transplantation, TCR repertoire restriction, restricted T-cell receptor diversity, decreased TCR repertoire diversity, post-transplant"
1337,Ubiquitin ligase UBC13 generates a K63-linked polyubiquitin moiety at PCNA K164.,"UBE2N, UbcH13, Lys63-linked polyubiquitination, proliferating cell nuclear antigen Lys164, PCNA Lys164, Lys63-linked ubiquitin chains"
1339,Ultrasound guidance significantly raises the number of traumatic procedures when attempting needle insertion.,"sonographic guidance, US-guided needle placement, ultrasound-assisted puncture, traumatic attempts, traumatic insertion, increased rate of traumatic procedures"
1344,Up-regulation of the p53 pathway and related molecular events casues cancer resistance and results in a significantly shortened lifespan marked by senescent cells and accelerated organismal aging.,"TP53 pathway hyperactivation, elevated p53 signaling, tumor resistance, reduced longevity, cellular senescence, premature aging"
1352,Upregulation of mosGCTL-1 is induced upon infection with West Nile virus.,"increased expression of mosGCTL-1, mosGCTL-1 up-regulation, mosquito galactose-binding C-type lectin-1, WNV infection, induced by West Nile virus, elevated mosGCTL-1 expression, stimulated by WNV"
1359,Varenicline monotherapy is more effective after 12 weeks of treatment compared to combination nicotine replacement therapies with varenicline or bupropion.,"Chantix monotherapy, Champix monotherapy, varenicline plus nicotine replacement therapy, varenicline and bupropion combination, varenicline plus NRT, varenicline-bupropion combination therapy, 12-week treatment duration"
1362,Venules have a larger lumen diameter than arterioles.,"luminal diameter of venules and arterioles, venular vs arteriolar luminal size, internal caliber of venules and arterioles, lumen width of small veins and small arteries, venular versus arteriolar internal diameter"
1363,Venules have a thinner or absent smooth layer compared to arterioles.,"postvenules, post-capillary venules, venous vessels, vascular smooth muscle layer, tunica media, microvessels"
1368,Vitamin D deficiency effects the term of delivery.,"hypovitaminosis D, 25-hydroxyvitamin D deficiency, gestational duration, timing of delivery, parturition timing, gestational age at delivery"
1370,Vitamin D deficiency is unrelated to birth weight.,"hypovitaminosis D, 25-hydroxyvitamin D deficiency, newborn weight, neonate weight, birth mass"
1379,Women with a higher birth weight are more likely to develop breast cancer later in life.,"neonatal weight, birth mass, female breast carcinoma, mammary gland cancer, birth size"
1382,aPKCz causes tumour enhancement by affecting glutamine metabolism.,"PRKCZ, atypical protein kinase C zeta, tumor progression, neoplastic growth, glutaminolysis"
1385,cSMAC formation enhances weak ligand signalling.,"central supramolecular activation cluster, central supramolecular activation complex, immunological synapse, T-cell receptor signaling, TCR signaling"
1389,mTORC2 regulates intracellular cysteine levels through xCT inhibition.,"mammalian target of rapamycin complex 2, mechanistic target of rapamycin complex 2, SLC7A11, cystine-glutamate antiporter, intracellular cysteine, amino acid metabolism"
1395,p16INK4A accumulation is  linked to an abnormal wound response caused by the microinvasive step of advanced Oral Potentially Malignant Lesions (OPMLs).,"CDKN2A, p16, multiple tumor suppressor 1, oral potentially malignant disorders, OPMDs, wound healing response"
